Harmonic,Period,Power,Relative Power
Main Harmonic,0.34476046439832597,0.0062581102008469535,1.0
Harmonic 1,0.1721142733731866,0.005207296481822786,0.8320876933611757
