Harmonic,Period,Power,Relative Power
Main Harmonic,0.28138973599203854,0.010683017135430366,1.0
