Harmonic,Period,Power,Relative Power
Main Harmonic,2.3836433327692994,0.006964192048946472,1.0
