Harmonic,Period,Power,Relative Power
Main Harmonic,0.3995891511565328,0.0036274554049552936,1.0
Harmonic 3,0.09995814966362632,0.000743872492395901,0.20506730182808927
