Harmonic,Period,Power,Relative Power
Main Harmonic,1.2873763490485703,0.009040367866298802,1.0
