Harmonic,Period,Power,Relative Power
Main Harmonic,2.523547250310496,0.0010769328777107193,1.0
Harmonic 5,0.4517743520730692,0.0006098966961791322,0.5663274924576681
