Harmonic,Period,Power,Relative Power
Main Harmonic,0.8113144299262468,0.006202123392552646,1.0
