Harmonic,Period,Power,Relative Power
Main Harmonic,1.9609782094876222,0.0064621625081715236,1.0
Harmonic 3,0.515543619015091,0.0011492733319669044,0.17784655376797273
