Harmonic,Period,Power,Relative Power
Main Harmonic,1.2956674064536144,0.007776736216052568,1.0
