Harmonic,Period,Power,Relative Power
Main Harmonic,2.936000450095003,0.004777817079299001,1.0
