Harmonic,Period,Power,Relative Power
Main Harmonic,0.700861319475038,0.011689628921301933,1.0
Harmonic 1,0.3498252858825281,0.004102516062268342,0.3509534896178231
