Harmonic,Period,Power,Relative Power
Main Harmonic,0.8551688208615481,0.004764404685742853,1.0
Harmonic 1,0.42791478337932587,0.0011191961468407252,0.23490786796298835
