Harmonic,Period,Power,Relative Power
Main Harmonic,1.9445067790891368,0.006497820126052557,1.0
