Harmonic,Period,Power,Relative Power
Main Harmonic,0.17209488945486387,0.0064375919325682235,1.0
Harmonic 2,0.055251992748924846,0.0012057304996034859,0.18729526696210919
