Harmonic,Period,Power,Relative Power
Main Harmonic,2.409163011528878,0.00690078499699892,1.0
