Harmonic,Period,Power,Relative Power
Main Harmonic,2.103833536317778,0.017549326071313362,1.0
Harmonic 5,0.3703945049479785,0.0032569757698951924,0.18558979169115442
