Harmonic,Period,Power,Relative Power
Main Harmonic,1.9696078052116626,0.00667822025372664,1.0
