Harmonic,Period,Power,Relative Power
Main Harmonic,1.5931330907119254,0.01561603512638106,1.0
