Harmonic,Period,Power,Relative Power
Main Harmonic,1.3911967922900856,0.006098940488774991,1.0
