Harmonic,Period,Power,Relative Power
Main Harmonic,0.4528597281144953,0.029890808310679716,1.0
Harmonic 1,0.2267684960812338,0.009603842900832412,0.32129753069946404
