Harmonic,Period,Power,Relative Power
Main Harmonic,0.4091838199499031,0.00632806023164419,1.0
Harmonic 1,0.20454647242051993,0.0011239952551334318,0.17762082122935
