Harmonic,Period,Power,Relative Power
Main Harmonic,0.8554952153005306,0.004027572769043754,1.0
Harmonic 1,0.42758322338128385,0.0012162463514323958,0.3019799817847023
