Harmonic,Period,Power,Relative Power
Main Harmonic,1.5978145846270948,0.003311338740029353,1.0
Harmonic 3,0.39393412327151506,0.0007373432993835861,0.2226722655916048
