Harmonic,Period,Power,Relative Power
Main Harmonic,1.3893106490192526,0.005517493150252584,1.0
