Harmonic,Period,Power,Relative Power
Main Harmonic,0.7017136564450249,0.008739351316267907,1.0
Harmonic 1,0.3494554548661872,0.0027950131323613964,0.31981928992356745
