Harmonic,Period,Power,Relative Power
Main Harmonic,0.8515119689531917,0.0038254403997525733,1.0
Harmonic 1,0.42826034513435185,0.0009336098390385863,0.24405290410457617
