Harmonic,Period,Power,Relative Power
Main Harmonic,0.810171357010581,0.003804477676897524,1.0
Harmonic 1,0.4061331960964419,0.0006744447495666791,0.17727656904447273
