Harmonic,Period,Power,Relative Power
Main Harmonic,0.8572579715464292,0.0034810747840423946,1.0
Harmonic 1,0.4265393763143872,0.0009682831637776851,0.2781563809592356
