Harmonic,Period,Power,Relative Power
Main Harmonic,0.5915708993848752,0.0040687799116133384,1.0
