Harmonic,Period,Power,Relative Power
Main Harmonic,0.6977276121924346,0.010122854583009284,1.0
Harmonic 1,0.34963698479646166,0.0021368537161162095,0.21109200953087026
