Harmonic,Period,Power,Relative Power
Main Harmonic,0.7703431755618891,0.012161103089442701,1.0
