Harmonic,Period,Power,Relative Power
Main Harmonic,0.8549410338318447,0.0045740034057391386,1.0
Harmonic 1,0.4264273713775243,0.0008412681207750298,0.18392380725372123
