Harmonic,Period,Power,Relative Power
Main Harmonic,0.39328175683885397,0.01056230003946362,1.0
Harmonic 1,0.19659509097120623,0.0038671222135145864,0.3661250105626585
