Harmonic,Period,Power,Relative Power
Main Harmonic,2.402601967056138,0.008180574106394538,1.0
