Harmonic,Period,Power,Relative Power
Main Harmonic,0.7009977342263666,0.01064866933772621,1.0
Harmonic 1,0.34977100952398177,0.0028559867101795216,0.26820127657277365
