Harmonic,Period,Power,Relative Power
Main Harmonic,0.1720097270815712,0.0060067849971228516,1.0
