Harmonic,Period,Power,Relative Power
Main Harmonic,1.6963278660428676,0.0037871960107977833,1.0
