Harmonic,Period,Power,Relative Power
Main Harmonic,0.28162635051611,0.011488041508649127,1.0
