Harmonic,Period,Power,Relative Power
Main Harmonic,0.6232733101673078,0.052613135384424074,1.0
Harmonic 1,0.3116045885869978,0.01655254437963611,0.3146085907766757
