Harmonic,Period,Power,Relative Power
Harmonic 1,1.6086882396683744,0.0022175602579468123,0.548976464710104
