Harmonic,Period,Power,Relative Power
Main Harmonic,0.7795991286063728,0.0030526993261496306,1.0
Harmonic 1,0.384424660488669,0.0005127653343666868,0.1679711231218561
