Harmonic,Period,Power,Relative Power
Main Harmonic,1.4889709203693513,0.0045478937828372775,1.0
