Harmonic,Period,Power,Relative Power
Main Harmonic,1.601526692740161,0.013531255516726097,1.0
