Harmonic,Period,Power,Relative Power
Main Harmonic,0.23613402660111044,0.0043474257003638375,1.0
Harmonic 2,0.07869789760686126,0.0012643787570941541,0.29083389671003185
