Harmonic,Period,Power,Relative Power
Main Harmonic,2.3955647636956825,0.007532172187987211,1.0
