Harmonic,Period,Power,Relative Power
Main Harmonic,0.17205928866115916,0.0064371700615227165,1.0
Harmonic 2,0.05525205466491469,0.001281562549223193,0.19908788131659808
