Harmonic,Period,Power,Relative Power
Main Harmonic,1.3935241958023203,0.006027353293286306,1.0
