Harmonic,Period,Power,Relative Power
Main Harmonic,2.3819694924812636,0.007045536966611659,1.0
