Harmonic,Period,Power,Relative Power
Main Harmonic,0.5134637335101927,0.018936619287313414,1.0
Harmonic 1,0.2795042197620666,0.0035843154834806026,0.18927958729581232
