Harmonic,Period,Power,Relative Power
Main Harmonic,0.782520197742695,0.00502156167623892,1.0
Harmonic 1,0.39112147880164233,0.0013003520311255649,0.25895371100958187
