Harmonic,Period,Power,Relative Power
Main Harmonic,0.7842059112300291,0.005478166049166198,1.0
