Harmonic,Period,Power,Relative Power
Main Harmonic,2.7619411957944084,0.0005678148464343645,1.0
Harmonic 4,0.5743346137984768,0.00040241893501599836,0.7087150636215626
