Harmonic,Period,Power,Relative Power
Main Harmonic,0.453292911941904,0.03106668101560294,1.0
Harmonic 1,0.22659070669147532,0.01064314650195519,0.34259039440388794
