Harmonic,Period,Power,Relative Power
Main Harmonic,0.6976506996072283,0.012600550164722061,1.0
Harmonic 1,0.34996632881584544,0.0028104649819737544,0.2230430374256398
