Harmonic,Period,Power,Relative Power
Main Harmonic,0.32870608954249014,0.012133435591746022,1.0
