Harmonic,Period,Power,Relative Power
Main Harmonic,1.3919302115419012,0.005987238782097698,1.0
