Harmonic,Period,Power,Relative Power
Main Harmonic,1.2922177063215996,0.007308244688537166,1.0
