Harmonic,Period,Power,Relative Power
Main Harmonic,1.285092060381843,0.008444176535195193,1.0
