Harmonic,Period,Power,Relative Power
Main Harmonic,1.2835667460233362,0.0053505641209825525,1.0
Harmonic 4,0.2793523926376798,0.0008126543502626847,0.1518819944752765
