Harmonic,Period,Power,Relative Power
Main Harmonic,0.44593584513735396,0.008837900286721828,1.0
Harmonic 3,0.11136926451369061,0.0013454419415236266,0.152235474250036
