Harmonic,Period,Power,Relative Power
Main Harmonic,0.7803650289679752,0.0023054737402964792,1.0
