Harmonic,Period,Power,Relative Power
Main Harmonic,0.8077191576534092,0.006088597439978017,1.0
