Harmonic,Period,Power,Relative Power
Main Harmonic,1.5673175645231479,0.01345060903472768,1.0
