Harmonic,Period,Power,Relative Power
Main Harmonic,0.45290280437845976,0.028683055796148948,1.0
Harmonic 1,0.2267780254998039,0.007439613232814255,0.25937310465411134
