Harmonic,Period,Power,Relative Power
Main Harmonic,0.15724205767109672,0.004214218127720221,1.0
Harmonic 1,0.07868358148538426,0.001926747126436192,0.4572015657572311
