Harmonic,Period,Power,Relative Power
Main Harmonic,0.8129114487052422,0.004997402533634884,1.0
