Harmonic,Period,Power,Relative Power
Main Harmonic,1.9204231230952562,0.005594961252491401,1.0
