Harmonic,Period,Power,Relative Power
Main Harmonic,0.8092099514664766,0.006379870718543454,1.0
