Harmonic,Period,Power,Relative Power
Main Harmonic,0.8122338118310138,0.005032325678976642,1.0
