Harmonic,Period,Power,Relative Power
Main Harmonic,0.2947865719699753,0.008316318696545616,1.0
Harmonic 1,0.14737376036838104,0.0034319547222825767,0.41267715289796697
