Harmonic,Period,Power,Relative Power
Main Harmonic,1.566166397325636,0.008838645510197134,1.0
