Harmonic,Period,Power,Relative Power
Main Harmonic,0.5914130951235347,0.0035796175435017156,1.0
