Harmonic,Period,Power,Relative Power
Main Harmonic,0.34400444879053077,0.013304417883232814,1.0
Harmonic 1,0.17215990024987873,0.0027390483860761684,0.2058751017981865
Harmonic 2,0.11469759756423833,0.0028097116590175665,0.21118636558752168
Harmonic 4,0.0687822803701483,0.004599871683832133,0.34574016873216395
Harmonic 5,0.054226731628339846,0.0021291813876527783,0.16003566682433557
