Harmonic,Period,Power,Relative Power
Main Harmonic,0.857879184846996,0.0027062203542677294,1.0
Harmonic 1,0.4273782063442268,0.0005885960805678787,0.21749747009317197
