Harmonic,Period,Power,Relative Power
Main Harmonic,1.592801538145516,0.023645978504914067,1.0
