Harmonic,Period,Power,Relative Power
Main Harmonic,0.45305752073982114,0.026008847896148612,1.0
Harmonic 1,0.22662109413436643,0.005718905481081623,0.21988307609459617
