Harmonic,Period,Power,Relative Power
Main Harmonic,0.1721597791525177,0.006524720837664195,1.0
Harmonic 2,0.055259997428270376,0.0014230658818624826,0.21810371926531807
