Harmonic,Period,Power,Relative Power
Main Harmonic,2.377973348001562,0.008198371096466239,1.0
