Harmonic,Period,Power,Relative Power
Main Harmonic,2.381712108205292,0.007703831703082003,1.0
