Harmonic,Period,Power,Relative Power
Main Harmonic,1.3865781388383114,0.0037400424087627314,1.0
