Harmonic,Period,Power,Relative Power
Main Harmonic,1.388489697107861,0.006338798004877493,1.0
