Harmonic,Period,Power,Relative Power
Main Harmonic,0.4539163204089076,0.028482060508693497,1.0
Harmonic 1,0.22665313533180612,0.010050591637719193,0.35287445705171083
