Harmonic,Period,Power,Relative Power
Main Harmonic,0.8102132456583251,0.0054766420254990095,1.0
