Harmonic,Period,Power,Relative Power
Main Harmonic,0.3936165162111372,0.0040919080050010985,1.0
