Harmonic,Period,Power,Relative Power
Main Harmonic,0.7828852799835538,0.004224797462117332,1.0
Harmonic 1,0.39189299872174177,0.001249658215923594,0.2957912721565842
