Harmonic,Period,Power,Relative Power
Main Harmonic,0.45339408974506573,0.030536886662515767,1.0
Harmonic 1,0.22684801399370633,0.011493684220920527,0.37638690374513856
