Harmonic,Period,Power,Relative Power
Main Harmonic,1.5902664201505268,0.020578896409952113,1.0
