Harmonic,Period,Power,Relative Power
Main Harmonic,0.6991711019215774,0.010718588156903755,1.0
Harmonic 1,0.34943994386054955,0.003298743860951014,0.3077591761771647
