Harmonic,Period,Power,Relative Power
Main Harmonic,0.393104985107091,0.009101864465388788,1.0
Harmonic 1,0.19636218838030908,0.003332976956999458,0.3661861775324831
