Harmonic,Period,Power,Relative Power
Main Harmonic,0.8080794511045939,0.005121539661623575,1.0
