Harmonic,Period,Power,Relative Power
Main Harmonic,2.9365073424287584,0.009945569272309291,1.0
