Harmonic,Period,Power,Relative Power
Main Harmonic,0.6990628392704952,0.011961716363197579,1.0
Harmonic 1,0.3503110420781055,0.0023016857060212314,0.1924210235499975
