Harmonic,Period,Power,Relative Power
Main Harmonic,1.393068769696492,0.0055536874872396365,1.0
