Harmonic,Period,Power,Relative Power
Main Harmonic,0.4529024802255416,0.02975280015177005,1.0
Harmonic 1,0.22660188282030447,0.009807868806536448,0.32964523528898704
