Harmonic,Period,Power,Relative Power
Main Harmonic,0.7009315854260371,0.012411800177142255,1.0
