Harmonic,Period,Power,Relative Power
Main Harmonic,0.5138638137748176,0.021818841070547376,1.0
Harmonic 1,0.2791283255449627,0.004252344936699114,0.19489325408943153
