Harmonic,Period,Power,Relative Power
Main Harmonic,1.3995088372034301,0.005605165972438764,1.0
