Harmonic,Period,Power,Relative Power
Main Harmonic,0.45445032667560215,0.03002969446605382,1.0
Harmonic 1,0.22663313292515652,0.010402162881108831,0.3463958946657832
