Harmonic,Period,Power,Relative Power
Main Harmonic,2.3871502701415293,0.008796217544476879,1.0
