Harmonic,Period,Power,Relative Power
Main Harmonic,0.10870519733031604,0.007436817235254519,1.0
Harmonic 1,0.054338014355576746,0.0029712804266927998,0.39953656688069866
