Harmonic,Period,Power,Relative Power
Main Harmonic,1.2855404263753905,0.005768703060317978,1.0
