Harmonic,Period,Power,Relative Power
Main Harmonic,0.4095622794855562,0.006540038105501475,1.0
