Harmonic,Period,Power,Relative Power
Main Harmonic,1.7076850827210266,0.007144275296396129,1.0
