Harmonic,Period,Power,Relative Power
Main Harmonic,1.2962121732713185,0.007172889019064852,1.0
