Harmonic,Period,Power,Relative Power
Main Harmonic,0.5862015523259476,0.08005731429345682,1.0
Harmonic 1,0.29327481265698446,0.016418415835872623,0.2050832704141128
