Harmonic,Period,Power,Relative Power
Main Harmonic,0.3441427086310791,0.006093156627628556,1.0
Harmonic 1,0.17215810545919866,0.005527559260695666,0.907174983100177
