Harmonic,Period,Power,Relative Power
Main Harmonic,0.4525946665468803,0.029771021806471603,1.0
Harmonic 1,0.22677663687214067,0.008621493173312428,0.28959345867793806
