Harmonic,Period,Power,Relative Power
Main Harmonic,0.3288351296731155,0.011098801011764569,1.0
