Harmonic,Period,Power,Relative Power
Main Harmonic,2.3595734757563513,0.007650127692671834,1.0
