Harmonic,Period,Power,Relative Power
Main Harmonic,1.2936991614511708,0.006768872742092308,1.0
