Harmonic,Period,Power,Relative Power
Main Harmonic,0.4097606671412132,0.0067938106862819305,1.0
Harmonic 3,0.10241187851966672,0.001059652989152374,0.15597328775911087
