Harmonic,Period,Power,Relative Power
Main Harmonic,1.397993418538585,0.005306451869777314,1.0
