Harmonic,Period,Power,Relative Power
Main Harmonic,0.7829885499141784,0.003873855737835194,1.0
Harmonic 1,0.39132687260585075,0.0011896890916278172,0.30710722653101297
