Harmonic,Period,Power,Relative Power
Main Harmonic,2.870243517566502,0.001252153554742491,1.0
Harmonic 5,0.48573110634570776,0.0005805893542648158,0.463672647868029
