Harmonic,Period,Power,Relative Power
Main Harmonic,1.5899257272406184,0.024565423905024347,1.0
