Harmonic,Period,Power,Relative Power
Main Harmonic,0.29457218651781397,0.007147724555997433,1.0
Harmonic 1,0.14740167879602226,0.00237858335251079,0.3327749039398832
