Harmonic,Period,Power,Relative Power
Main Harmonic,1.5939614921298713,0.013416091032184206,1.0
