Harmonic,Period,Power,Relative Power
Main Harmonic,0.34417226887439917,0.012514850460869788,1.0
Harmonic 1,0.17184447448950238,0.0025215992225103598,0.20148856196042053
Harmonic 2,0.11470025008503587,0.0024931398194886407,0.19921451137462223
Harmonic 3,0.08596921818118282,0.002344797319525189,0.18736119355614134
Harmonic 4,0.06878289642749556,0.004780109268470198,0.38195496489679814
